Pasture,Patch,Pasture_patch,Year,Pasture_patch_year,FireTreat,HerbTreat,GrazingTreat,Grazing,TSF,TSH235,C,235_C,2014,235_C_2014,PB,Yes,SLS,Yes,1,Inexact235,C,235_C,2015,235_C_2015,PB,Yes,SLS,Yes,2,Inexact235,C,235_C,2016,235_C_2016,PB,Yes,SLS,Yes,0,Inexact235,C,235_C,2017,235_C_2017,PB,Yes,SLS,Yes,1,Inexact235,N,235_N,2014,235_N_2014,PB,Yes,SLS,Yes,0,Inexact235,N,235_N,2015,235_N_2015,PB,Yes,SLS,Yes,1,0.5235,N,235_N,2016,235_N_2016,PB,Yes,SLS,Yes,2,1.5235,N,235_N,2017,235_N_2017,PB,Yes,SLS,Yes,0,2.5235,S,235_S,2014,235_S_2014,PB,Yes,SLS,Yes,UNK,Inexact235,S,235_S,2015,235_S_2015,PB,Yes,SLS,Yes,0,Inexact235,S,235_S,2016,235_S_2016,PB,Yes,SLS,Yes,1,Inexact235,S,235_S,2017,235_S_2017,PB,Yes,SLS,Yes,2,InexactBSH,C,BSH_C,2014,BSH_C_2014,No,No,None,No,Never,NeverBSH,C,BSH_C,2015,BSH_C_2015,No,Yes,None,No,Never,0.5BSH,C,BSH_C,2016,BSH_C_2016,No,Yes,None,No,Never,1.5BSH,C,BSH_C,2017,BSH_C_2017,No,Yes,None,No,Never,2.5BSH,N,BSH_N,2014,BSH_N_2014,No,No,None,No,Never,NeverBSH,N,BSH_N,2015,BSH_N_2015,No,Yes,None,No,Never,NeverBSH,N,BSH_N,2016,BSH_N_2016,No,Yes,None,No,Never,NeverBSH,N,BSH_N,2017,BSH_N_2017,No,Yes,None,No,Never,NeverBSH,S,BSH_S,2014,BSH_S_2014,No,No,None,No,Never,NeverBSH,S,BSH_S,2015,BSH_S_2015,No,Yes,None,No,Never,0.5BSH,S,BSH_S,2016,BSH_S_2016,No,Yes,None,No,Never,1.5BSH,S,BSH_S,2017,BSH_S_2017,No,Yes,None,No,Never,2.5DUN,C,DUN_C,2014,DUN_C_2014,No,No,None,No,UNK,NeverDUN,C,DUN_C,2015,DUN_C_2015,No,Yes,None,No,UNK,0.5DUN,C,DUN_C,2016,DUN_C_2016,No,Yes,None,No,UNK,1.5DUN,C,DUN_C,2017,DUN_C_2017,No,Yes,None,No,UNK,2.5DUN,E,DUN_E,2014,DUN_E_2014,No,No,None,No,UNK,NeverDUN,E,DUN_E,2015,DUN_E_2015,No,Yes,None,No,UNK,0.5DUN,E,DUN_E,2016,DUN_E_2016,No,Yes,None,No,UNK,1.5DUN,E,DUN_E,2017,DUN_E_2017,No,Yes,None,No,UNK,2.5DUN,W,DUN_W,2014,DUN_W_2014,No,No,None,No,UNK,NeverDUN,W,DUN_W,2015,DUN_W_2015,No,Yes,None,No,UNK,NeverDUN,W,DUN_W,2016,DUN_W_2016,No,Yes,None,No,UNK,NeverDUN,W,DUN_W,2017,DUN_W_2017,No,Yes,None,No,UNK,NeverGIL,C,GIL_C,2007,GIL_C_2007,FB,No,SLS,Yes,UNK,NeverGIL,C,GIL_C,2008,GIL_C_2008,FB,No,SLS,Yes,UNK,NeverGIL,C,GIL_C,2009,GIL_C_2009,FB,No,SLS,Yes,0,NeverGIL,C,GIL_C,2010,GIL_C_2010,FB,No,SLS,Yes,1,NeverGIL,C,GIL_C,2011,GIL_C_2011,FB,No,SLS,Yes,2,NeverGIL,C,GIL_C,2012,GIL_C_2012,FB,No,SLS,Yes,0,NeverGIL,C,GIL_C,2013,GIL_C_2013,FB,No,SLS,Yes,1,NeverGIL,C,GIL_C,2014,GIL_C_2014,FB,No,IES,Yes,2,NeverGIL,C,GIL_C,2015,GIL_C_2015,FB,Yes,IES,Yes,0,0.5GIL,C,GIL_C,2016,GIL_C_2016,FB,Yes,IES,Yes,1,1.5GIL,C,GIL_C,2017,GIL_C_2017,FB,Yes,IES,Yes,2,2.5GIL,N,GIL_N,2007,GIL_N_2007,FB,No,SLS,Yes,UNK,NeverGIL,N,GIL_N,2008,GIL_N_2008,FB,No,SLS,Yes,UNK,NeverGIL,N,GIL_N,2009,GIL_N_2009,FB,No,SLS,Yes,0,NeverGIL,N,GIL_N,2010,GIL_N_2010,FB,No,SLS,Yes,1,NeverGIL,N,GIL_N,2011,GIL_N_2011,FB,No,SLS,Yes,2,NeverGIL,N,GIL_N,2012,GIL_N_2012,FB,No,SLS,Yes,0,NeverGIL,N,GIL_N,2013,GIL_N_2013,FB,No,SLS,Yes,1,NeverGIL,N,GIL_N,2014,GIL_N_2014,FB,No,IES,Yes,2,NeverGIL,N,GIL_N,2015,GIL_N_2015,FB,Yes,IES,Yes,0,0.5GIL,N,GIL_N,2016,GIL_N_2016,FB,Yes,IES,Yes,1,1.5GIL,N,GIL_N,2017,GIL_N_2017,FB,Yes,IES,Yes,2,2.5GIL,S,GIL_S,2007,GIL_S_2007,FB,No,SLS,Yes,UNK,NeverGIL,S,GIL_S,2008,GIL_S_2008,FB,No,SLS,Yes,UNK,NeverGIL,S,GIL_S,2009,GIL_S_2009,FB,No,SLS,Yes,0,NeverGIL,S,GIL_S,2010,GIL_S_2010,FB,No,SLS,Yes,1,NeverGIL,S,GIL_S,2011,GIL_S_2011,FB,No,SLS,Yes,2,NeverGIL,S,GIL_S,2012,GIL_S_2012,FB,No,SLS,Yes,0,NeverGIL,S,GIL_S,2013,GIL_S_2013,FB,No,SLS,Yes,1,NeverGIL,S,GIL_S,2014,GIL_S_2014,FB,No,IES,Yes,2,NeverGIL,S,GIL_S,2015,GIL_S_2015,FB,Yes,IES,Yes,3,NeverGIL,S,GIL_S,2016,GIL_S_2016,FB,Yes,IES,Yes,0,NeverGIL,S,GIL_S,2017,GIL_S_2017,FB,Yes,IES,Yes,1,NeverKLN,C,KLN_C,2007,KLN_C_2007,PB,No,SLS,Yes,UNK,NeverKLN,C,KLN_C,2008,KLN_C_2008,PB,No,SLS,Yes,0,NeverKLN,C,KLN_C,2009,KLN_C_2009,PB,No,SLS,Yes,1,NeverKLN,C,KLN_C,2010,KLN_C_2010,PB,No,SLS,Yes,2,NeverKLN,C,KLN_C,2011,KLN_C_2011,PB,No,SLS,Yes,0,NeverKLN,C,KLN_C,2012,KLN_C_2012,PB,No,SLS,Yes,1,NeverKLN,C,KLN_C,2013,KLN_C_2013,PB,No,SLS,Yes,2,NeverKLN,C,KLN_C,2014,KLN_C_2014,PB,No,IES,Yes,0,NeverKLN,C,KLN_C,2015,KLN_C_2015,PB,No,IES,Yes,1,NeverKLN,C,KLN_C,2016,KLN_C_2016,PB,No,IES,Yes,2,NeverKLN,C,KLN_C,2017,KLN_C_2017,PB,No,IES,Yes,0,NeverKLN,E,KLN_E,2007,KLN_E_2007,PB,No,SLS,Yes,0,NeverKLN,E,KLN_E,2008,KLN_E_2008,PB,No,SLS,Yes,1,NeverKLN,E,KLN_E,2009,KLN_E_2009,PB,No,SLS,Yes,2,NeverKLN,E,KLN_E,2010,KLN_E_2010,PB,No,SLS,Yes,0,NeverKLN,E,KLN_E,2011,KLN_E_2011,PB,No,SLS,Yes,1,NeverKLN,E,KLN_E,2012,KLN_E_2012,PB,No,SLS,Yes,2,NeverKLN,E,KLN_E,2013,KLN_E_2013,PB,No,SLS,Yes,0,NeverKLN,E,KLN_E,2014,KLN_E_2014,PB,No,IES,Yes,1,NeverKLN,E,KLN_E,2015,KLN_E_2015,PB,No,IES,Yes,2,NeverKLN,E,KLN_E,2016,KLN_E_2016,PB,No,IES,Yes,0,NeverKLN,E,KLN_E,2017,KLN_E_2017,PB,No,IES,Yes,1,NeverKLN,W,KLN_W,2007,KLN_W_2007,PB,No,SLS,Yes,UNK,NeverKLN,W,KLN_W,2008,KLN_W_2008,PB,No,SLS,Yes,UNK,NeverKLN,W,KLN_W,2009,KLN_W_2009,PB,No,SLS,Yes,0,NeverKLN,W,KLN_W,2010,KLN_W_2010,PB,No,SLS,Yes,1,NeverKLN,W,KLN_W,2011,KLN_W_2011,PB,No,SLS,Yes,2,NeverKLN,W,KLN_W,2012,KLN_W_2012,PB,No,SLS,Yes,0,NeverKLN,W,KLN_W,2013,KLN_W_2013,PB,No,SLS,Yes,1,NeverKLN,W,KLN_W,2014,KLN_W_2014,PB,No,IES,Yes,2,NeverKLN,W,KLN_W,2015,KLN_W_2015,PB,No,IES,Yes,0,NeverKLN,W,KLN_W,2016,KLN_W_2016,PB,No,IES,Yes,1,NeverKLN,W,KLN_W,2017,KLN_W_2017,PB,No,IES,Yes,2,NeverKLT,E,KLT_E,2007,KLT_E_2007,FB,No,None,No,UNK,NeverKLT,E,KLT_E,2008,KLT_E_2008,FB,No,None,No,UNK,NeverKLT,E,KLT_E,2009,KLT_E_2009,FB,No,None,No,0,NeverKLT,E,KLT_E,2010,KLT_E_2010,FB,No,None,No,1,NeverKLT,E,KLT_E,2011,KLT_E_2011,FB,No,None,No,2,NeverKLT,E,KLT_E,2012,KLT_E_2012,FB,No,None,No,0,NeverKLT,E,KLT_E,2013,KLT_E_2013,FB,No,None,No,1,NeverKLT,E,KLT_E,2014,KLT_E_2014,FB,No,None,No,2,NeverKLT,E,KLT_E,2015,KLT_E_2015,FB,No,None,No,3,NeverKLT,E,KLT_E,2016,KLT_E_2016,FB,No,None,No,0,NeverKLT,E,KLT_E,2017,KLT_E_2017,FB,No,None,No,1,NeverKLT,S,KLT_S,2007,KLT_S_2007,FB,No,None,No,UNK,NeverKLT,S,KLT_S,2008,KLT_S_2008,FB,No,None,No,UNK,NeverKLT,S,KLT_S,2009,KLT_S_2009,FB,No,None,No,0,NeverKLT,S,KLT_S,2010,KLT_S_2010,FB,No,None,No,1,NeverKLT,S,KLT_S,2011,KLT_S_2011,FB,No,None,No,2,NeverKLT,S,KLT_S,2012,KLT_S_2012,FB,No,None,No,0,NeverKLT,S,KLT_S,2013,KLT_S_2013,FB,No,None,No,1,NeverKLT,S,KLT_S,2014,KLT_S_2014,FB,No,None,No,2,NeverKLT,S,KLT_S,2015,KLT_S_2015,FB,No,None,No,3,NeverKLT,S,KLT_S,2016,KLT_S_2016,FB,No,None,No,0,NeverKLT,S,KLT_S,2017,KLT_S_2017,FB,No,None,No,1,NeverKLT,W,KLT_W,2007,KLT_W_2007,FB,No,None,No,UNK,NeverKLT,W,KLT_W,2008,KLT_W_2008,FB,No,None,No,UNK,NeverKLT,W,KLT_W,2009,KLT_W_2009,FB,No,None,No,0,NeverKLT,W,KLT_W,2010,KLT_W_2010,FB,No,None,No,1,NeverKLT,W,KLT_W,2011,KLT_W_2011,FB,No,None,No,2,NeverKLT,W,KLT_W,2012,KLT_W_2012,FB,No,None,No,0,NeverKLT,W,KLT_W,2013,KLT_W_2013,FB,No,None,No,1,NeverKLT,W,KLT_W,2014,KLT_W_2014,FB,No,None,No,2,NeverKLT,W,KLT_W,2015,KLT_W_2015,FB,No,None,No,3,NeverKLT,W,KLT_W,2016,KLT_W_2016,FB,No,None,No,0,NeverKLT,W,KLT_W,2017,KLT_W_2017,FB,No,None,No,1,NeverLTR,C,LTR_C,2007,LTR_C_2007,FB,No,SLS,Yes,UNK,NeverLTR,C,LTR_C,2008,LTR_C_2008,FB,No,SLS,Yes,UNK,NeverLTR,C,LTR_C,2009,LTR_C_2009,FB,No,SLS,Yes,0,NeverLTR,C,LTR_C,2010,LTR_C_2010,FB,No,SLS,Yes,1,NeverLTR,C,LTR_C,2011,LTR_C_2011,FB,No,SLS,Yes,2,NeverLTR,C,LTR_C,2012,LTR_C_2012,FB,No,SLS,Yes,0,NeverLTR,C,LTR_C,2013,LTR_C_2013,FB,No,SLS,Yes,1,NeverLTR,C,LTR_C,2014,LTR_C_2014,FB,No,IES,Yes,2,NeverLTR,C,LTR_C,2015,LTR_C_2015,FB,Yes,IES,Yes,0,0.5LTR,C,LTR_C,2016,LTR_C_2016,FB,Yes,IES,Yes,1,1.5LTR,C,LTR_C,2017,LTR_C_2017,FB,Yes,IES,Yes,2,2.5LTR,E,LTR_E,2007,LTR_E_2007,FB,No,SLS,Yes,UNK,NeverLTR,E,LTR_E,2008,LTR_E_2008,FB,No,SLS,Yes,UNK,NeverLTR,E,LTR_E,2009,LTR_E_2009,FB,No,SLS,Yes,0,NeverLTR,E,LTR_E,2010,LTR_E_2010,FB,No,SLS,Yes,1,NeverLTR,E,LTR_E,2011,LTR_E_2011,FB,No,SLS,Yes,2,NeverLTR,E,LTR_E,2012,LTR_E_2012,FB,No,SLS,Yes,0,NeverLTR,E,LTR_E,2013,LTR_E_2013,FB,No,SLS,Yes,1,NeverLTR,E,LTR_E,2014,LTR_E_2014,FB,No,IES,Yes,2,NeverLTR,E,LTR_E,2015,LTR_E_2015,FB,YEs,IES,Yes,0,0.5LTR,E,LTR_E,2016,LTR_E_2016,FB,YEs,IES,Yes,1,1.5LTR,E,LTR_E,2017,LTR_E_2017,FB,YEs,IES,Yes,2,2.5LTR,W,LTR_W,2007,LTR_W_2007,FB,No,SLS,Yes,UNK,NeverLTR,W,LTR_W,2008,LTR_W_2008,FB,No,SLS,Yes,UNK,NeverLTR,W,LTR_W,2009,LTR_W_2009,FB,No,SLS,Yes,0,NeverLTR,W,LTR_W,2010,LTR_W_2010,FB,No,SLS,Yes,1,NeverLTR,W,LTR_W,2011,LTR_W_2011,FB,No,SLS,Yes,2,NeverLTR,W,LTR_W,2012,LTR_W_2012,FB,No,SLS,Yes,0,NeverLTR,W,LTR_W,2013,LTR_W_2013,FB,No,SLS,Yes,1,NeverLTR,W,LTR_W,2014,LTR_W_2014,FB,No,IES,Yes,2,NeverLTR,W,LTR_W,2015,LTR_W_2015,FB,Yes,IES,Yes,0,NeverLTR,W,LTR_W,2016,LTR_W_2016,FB,Yes,IES,Yes,1,NeverLTR,W,LTR_W,2017,LTR_W_2017,FB,Yes,IES,Yes,2,NeverPAW,E,PAW_E,2007,PAW_E_2007,FB,No,None,No,UNK,NeverPAW,E,PAW_E,2008,PAW_E_2008,FB,No,None,No,UNK,NeverPAW,E,PAW_E,2009,PAW_E_2009,FB,No,None,No,UNK,NeverPAW,E,PAW_E,2010,PAW_E_2010,FB,No,None,No,UNK,NeverPAW,E,PAW_E,2011,PAW_E_2011,FB,No,None,No,UNK,NeverPAW,E,PAW_E,2012,PAW_E_2012,FB,No,None,No,UNK,NeverPAW,E,PAW_E,2013,PAW_E_2013,FB,No,None,No,UNK,NeverPAW,E,PAW_E,2014,PAW_E_2014,FB,No,None,No,UNK,NeverPAW,E,PAW_E,2015,PAW_E_2015,FB,No,None,No,UNK,NeverPAW,E,PAW_E,2016,PAW_E_2016,FB,No,None,No,UNK,NeverPAW,E,PAW_E,2017,PAW_E_2017,FB,No,None,No,0.5,NeverPAW,S,PAW_S,2007,PAW_S_2007,FB,No,None,No,UNK,NeverPAW,S,PAW_S,2008,PAW_S_2008,FB,No,None,No,UNK,NeverPAW,S,PAW_S,2009,PAW_S_2009,FB,No,None,No,UNK,NeverPAW,S,PAW_S,2010,PAW_S_2010,FB,No,None,No,UNK,NeverPAW,S,PAW_S,2011,PAW_S_2011,FB,No,None,No,UNK,NeverPAW,S,PAW_S,2012,PAW_S_2012,FB,No,None,No,UNK,NeverPAW,S,PAW_S,2013,PAW_S_2013,FB,No,None,No,UNK,NeverPAW,S,PAW_S,2014,PAW_S_2014,FB,No,None,No,UNK,NeverPAW,S,PAW_S,2015,PAW_S_2015,FB,No,None,No,UNK,NeverPAW,S,PAW_S,2016,PAW_S_2016,FB,No,None,No,UNK,NeverPAW,S,PAW_S,2017,PAW_S_2017,FB,No,None,No,0.5,NeverPAW,W,PAW_W,2007,PAW_W_2007,FB,No,None,No,UNK,NeverPAW,W,PAW_W,2008,PAW_W_2008,FB,No,None,No,UNK,NeverPAW,W,PAW_W,2009,PAW_W_2009,FB,No,None,No,UNK,NeverPAW,W,PAW_W,2010,PAW_W_2010,FB,No,None,No,UNK,NeverPAW,W,PAW_W,2011,PAW_W_2011,FB,No,None,No,UNK,NeverPAW,W,PAW_W,2012,PAW_W_2012,FB,No,None,No,UNK,NeverPAW,W,PAW_W,2013,PAW_W_2013,FB,No,None,No,UNK,NeverPAW,W,PAW_W,2014,PAW_W_2014,FB,No,None,No,UNK,NeverPAW,W,PAW_W,2015,PAW_W_2015,FB,No,None,No,UNK,NeverPAW,W,PAW_W,2016,PAW_W_2016,FB,No,None,No,UNK,NeverPAW,W,PAW_W,2017,PAW_W_2017,FB,No,None,No,0.5,NeverPYN,N,PYN_N,2007,PYN_N_2007,PB,No,SLS,Yes,0,NeverPYN,N,PYN_N,2008,PYN_N_2008,PB,No,SLS,Yes,1,NeverPYN,N,PYN_N,2009,PYN_N_2009,PB,No,SLS,Yes,2,NeverPYN,N,PYN_N,2010,PYN_N_2010,PB,No,SLS,Yes,0,NeverPYN,N,PYN_N,2011,PYN_N_2011,PB,No,SLS,Yes,1,NeverPYN,N,PYN_N,2012,PYN_N_2012,PB,No,SLS,Yes,2,NeverPYN,N,PYN_N,2013,PYN_N_2013,PB,No,SLS,Yes,0,NeverPYN,N,PYN_N,2014,PYN_N_2014,PB,No,IES,Yes,1,NeverPYN,N,PYN_N,2015,PYN_N_2015,PB,No,IES,Yes,2,NeverPYN,N,PYN_N,2016,PYN_N_2016,PB,No,IES,Yes,0,NeverPYN,N,PYN_N,2017,PYN_N_2017,PB,No,IES,Yes,1,NeverPYN,S,PYN_S,2007,PYN_S_2007,PB,No,SLS,Yes,UNK,NeverPYN,S,PYN_S,2008,PYN_S_2008,PB,No,SLS,Yes,UNK,NeverPYN,S,PYN_S,2009,PYN_S_2009,PB,No,SLS,Yes,0,NeverPYN,S,PYN_S,2010,PYN_S_2010,PB,No,SLS,Yes,1,NeverPYN,S,PYN_S,2011,PYN_S_2011,PB,No,SLS,Yes,2,NeverPYN,S,PYN_S,2012,PYN_S_2012,PB,No,SLS,Yes,0,NeverPYN,S,PYN_S,2013,PYN_S_2013,PB,No,SLS,Yes,1,NeverPYN,S,PYN_S,2014,PYN_S_2014,PB,No,IES,Yes,2,NeverPYN,S,PYN_S,2015,PYN_S_2015,PB,No,IES,Yes,0,NeverPYN,S,PYN_S,2016,PYN_S_2016,PB,No,IES,Yes,1,NeverPYN,S,PYN_S,2017,PYN_S_2017,PB,No,IES,Yes,2,NeverPYN,W,PYN_W,2007,PYN_W_2007,PB,No,SLS,Yes,UNK,NeverPYN,W,PYN_W,2008,PYN_W_2008,PB,No,SLS,Yes,0,NeverPYN,W,PYN_W,2009,PYN_W_2009,PB,No,SLS,Yes,1,NeverPYN,W,PYN_W,2010,PYN_W_2010,PB,No,SLS,Yes,2,NeverPYN,W,PYN_W,2011,PYN_W_2011,PB,No,SLS,Yes,0,NeverPYN,W,PYN_W,2012,PYN_W_2012,PB,No,SLS,Yes,1,NeverPYN,W,PYN_W,2013,PYN_W_2013,PB,No,SLS,Yes,2,NeverPYN,W,PYN_W,2014,PYN_W_2014,PB,No,IES,Yes,0,NeverPYN,W,PYN_W,2015,PYN_W_2015,PB,No,IES,Yes,1,NeverPYN,W,PYN_W,2016,PYN_W_2016,PB,No,IES,Yes,2,NeverPYN,W,PYN_W,2017,PYN_W_2017,PB,No,IES,Yes,0,NeverPYS,N,PYS_N,2007,PYS_N_2007,PB,No,SLS,Yes,UNK,NeverPYS,N,PYS_N,2008,PYS_N_2008,PB,No,SLS,Yes,UNK,NeverPYS,N,PYS_N,2009,PYS_N_2009,PB,No,SLS,Yes,0,NeverPYS,N,PYS_N,2010,PYS_N_2010,PB,No,SLS,Yes,1,NeverPYS,N,PYS_N,2011,PYS_N_2011,PB,No,SLS,Yes,2,NeverPYS,N,PYS_N,2012,PYS_N_2012,PB,No,SLS,Yes,0,NeverPYS,N,PYS_N,2013,PYS_N_2013,PB,No,SLS,Yes,1,NeverPYS,N,PYS_N,2014,PYS_N_2014,PB,No,SLS,Yes,2,NeverPYS,N,PYS_N,2015,PYS_N_2015,PB,No,SLS,Yes,0,NeverPYS,N,PYS_N,2016,PYS_N_2016,PB,No,SLS,Yes,1,NeverPYS,N,PYS_N,2017,PYS_N_2017,PB,No,SLS,Yes,2,NeverPYS,S,PYS_S,2007,PYS_S_2007,PB,No,SLS,Yes,UNK,NeverPYS,S,PYS_S,2008,PYS_S_2008,PB,No,SLS,Yes,0,NeverPYS,S,PYS_S,2009,PYS_S_2009,PB,No,SLS,Yes,1,NeverPYS,S,PYS_S,2010,PYS_S_2010,PB,No,SLS,Yes,2,NeverPYS,S,PYS_S,2011,PYS_S_2011,PB,No,SLS,Yes,0,NeverPYS,S,PYS_S,2012,PYS_S_2012,PB,No,SLS,Yes,1,NeverPYS,S,PYS_S,2013,PYS_S_2013,PB,No,SLS,Yes,2,NeverPYS,S,PYS_S,2014,PYS_S_2014,PB,No,SLS,Yes,0,NeverPYS,S,PYS_S,2015,PYS_S_2015,PB,No,SLS,Yes,1,NeverPYS,S,PYS_S,2016,PYS_S_2016,PB,No,SLS,Yes,2,NeverPYS,S,PYS_S,2017,PYS_S_2017,PB,No,SLS,Yes,0,NeverPYS,W,PYS_W,2007,PYS_W_2007,PB,No,SLS,Yes,0,NeverPYS,W,PYS_W,2008,PYS_W_2008,PB,No,SLS,Yes,1,NeverPYS,W,PYS_W,2009,PYS_W_2009,PB,No,SLS,Yes,2,NeverPYS,W,PYS_W,2010,PYS_W_2010,PB,No,SLS,Yes,0,NeverPYS,W,PYS_W,2011,PYS_W_2011,PB,No,SLS,Yes,1,NeverPYS,W,PYS_W,2012,PYS_W_2012,PB,No,SLS,Yes,2,NeverPYS,W,PYS_W,2013,PYS_W_2013,PB,No,SLS,Yes,0,NeverPYS,W,PYS_W,2014,PYS_W_2014,PB,No,SLS,Yes,1,NeverPYS,W,PYS_W,2015,PYS_W_2015,PB,No,SLS,Yes,2,NeverPYS,W,PYS_W,2016,PYS_W_2016,PB,No,SLS,Yes,0,NeverPYS,W,PYS_W,2017,PYS_W_2017,PB,No,SLS,Yes,1,NeverPYW,C,PYW_C,2007,PYW_C_2007,FB,No,SLS,Yes,UNK,NeverPYW,C,PYW_C,2008,PYW_C_2008,FB,No,SLS,Yes,UNK,NeverPYW,C,PYW_C,2009,PYW_C_2009,FB,No,SLS,Yes,0,NeverPYW,C,PYW_C,2010,PYW_C_2010,FB,No,SLS,Yes,1,NeverPYW,C,PYW_C,2011,PYW_C_2011,FB,No,SLS,Yes,2,NeverPYW,C,PYW_C,2012,PYW_C_2012,FB,No,SLS,Yes,0,NeverPYW,C,PYW_C,2013,PYW_C_2013,FB,No,SLS,Yes,1,NeverPYW,C,PYW_C,2014,PYW_C_2014,FB,No,SLS,Yes,2,NeverPYW,C,PYW_C,2015,PYW_C_2015,FB,Yes,SLS,Yes,0,0.5PYW,C,PYW_C,2016,PYW_C_2016,FB,Yes,SLS,Yes,1,1.5PYW,C,PYW_C,2017,PYW_C_2017,FB,Yes,SLS,Yes,2,2.5PYW,N,PYW_N,2007,PYW_N_2007,FB,No,SLS,Yes,UNK,NeverPYW,N,PYW_N,2008,PYW_N_2008,FB,No,SLS,Yes,UNK,NeverPYW,N,PYW_N,2009,PYW_N_2009,FB,No,SLS,Yes,0,NeverPYW,N,PYW_N,2010,PYW_N_2010,FB,No,SLS,Yes,1,NeverPYW,N,PYW_N,2011,PYW_N_2011,FB,No,SLS,Yes,2,NeverPYW,N,PYW_N,2012,PYW_N_2012,FB,No,SLS,Yes,0,NeverPYW,N,PYW_N,2013,PYW_N_2013,FB,No,SLS,Yes,1,NeverPYW,N,PYW_N,2014,PYW_N_2014,FB,No,SLS,Yes,2,NeverPYW,N,PYW_N,2015,PYW_N_2015,FB,Yes,SLS,Yes,0,0.5PYW,N,PYW_N,2016,PYW_N_2016,FB,Yes,SLS,Yes,1,1.5PYW,N,PYW_N,2017,PYW_N_2017,FB,Yes,SLS,Yes,2,2.5PYW,S,PYW_S,2007,PYW_S_2007,FB,No,SLS,Yes,UNK,NeverPYW,S,PYW_S,2008,PYW_S_2008,FB,No,SLS,Yes,UNK,NeverPYW,S,PYW_S,2009,PYW_S_2009,FB,No,SLS,Yes,0,NeverPYW,S,PYW_S,2010,PYW_S_2010,FB,No,SLS,Yes,1,NeverPYW,S,PYW_S,2011,PYW_S_2011,FB,No,SLS,Yes,2,NeverPYW,S,PYW_S,2012,PYW_S_2012,FB,No,SLS,Yes,0,NeverPYW,S,PYW_S,2013,PYW_S_2013,FB,No,SLS,Yes,1,NeverPYW,S,PYW_S,2014,PYW_S_2014,FB,No,SLS,Yes,2,NeverPYW,S,PYW_S,2015,PYW_S_2015,FB,Yes,SLS,Yes,0,NeverPYW,S,PYW_S,2016,PYW_S_2016,FB,Yes,SLS,Yes,1,NeverPYW,S,PYW_S,2017,PYW_S_2017,FB,Yes,SLS,Yes,2,NeverRC2,C,RC2_C,2014,RC2_C_2014,No,No,None,No,Never,NeverRC2,C,RC2_C,2015,RC2_C_2015,No,Yes,None,No,Never,0.5RC2,C,RC2_C,2016,RC2_C_2016,No,Yes,None,No,Never,1.5RC2,C,RC2_C,2017,RC2_C_2017,No,Yes,None,No,Never,2.5RC2,N,RC2_N,2014,RC2_N_2014,No,No,None,No,Never,NeverRC2,N,RC2_N,2015,RC2_N_2015,No,Yes,None,No,Never,0.5RC2,N,RC2_N,2016,RC2_N_2016,No,Yes,None,No,Never,1.5RC2,N,RC2_N,2017,RC2_N_2017,No,Yes,None,No,Never,2.5RC2,S,RC2_S,2014,RC2_S_2014,No,No,None,No,Never,NeverRC2,S,RC2_S,2015,RC2_S_2015,No,Yes,None,No,Never,NeverRC2,S,RC2_S,2016,RC2_S_2016,No,Yes,None,No,Never,NeverRC2,S,RC2_S,2017,RC2_S_2017,No,Yes,None,No,Never,NeverRCH2007,C,RCH2007_C,2007,RCH2007_C_2007,FB,No,None,No,UNK,NeverRCH2007,C,RCH2007_C,2008,RCH2007_C_2008,FB,No,None,No,UNK,NeverRCH2007,C,RCH2007_C,2009,RCH2007_C_2009,FB,No,None,No,0,NeverRCH2007,C,RCH2007_C,2010,RCH2007_C_2010,FB,No,None,No,1,NeverRCH2007,C,RCH2007_C,2011,RCH2007_C_2011,FB,No,None,No,2,NeverRCH2007,C,RCH2007_C,2012,RCH2007_C_2012,FB,No,None,No,0,NeverRCH2007,C,RCH2007_C,2013,RCH2007_C_2013,FB,No,None,No,1,NeverRCH2007,E,RCH2007_E,2007,RCH2007_E_2007,FB,No,None,No,UNK,NeverRCH2007,E,RCH2007_E,2008,RCH2007_E_2008,FB,No,None,No,UNK,NeverRCH2007,E,RCH2007_E,2009,RCH2007_E_2009,FB,No,None,No,0,NeverRCH2007,E,RCH2007_E,2010,RCH2007_E_2010,FB,No,None,No,1,NeverRCH2007,E,RCH2007_E,2011,RCH2007_E_2011,FB,No,None,No,2,NeverRCH2007,E,RCH2007_E,2012,RCH2007_E_2012,FB,No,None,No,0,NeverRCH2007,E,RCH2007_E,2013,RCH2007_E_2013,FB,No,None,No,1,NeverRCH2007,W,RCH2007_W,2007,RCH2007_W_2007,FB,No,None,No,UNK,NeverRCH2007,W,RCH2007_W,2008,RCH2007_W_2008,FB,No,None,No,UNK,NeverRCH2007,W,RCH2007_W,2009,RCH2007_W_2009,FB,No,None,No,0,NeverRCH2007,W,RCH2007_W,2010,RCH2007_W_2010,FB,No,None,No,1,NeverRCH2007,W,RCH2007_W,2011,RCH2007_W_2011,FB,No,None,No,2,NeverRCH2007,W,RCH2007_W,2012,RCH2007_W_2012,FB,No,None,No,0,NeverRCH2007,W,RCH2007_W,2013,RCH2007_W_2013,FB,No,None,No,1,NeverRCH2014,C,RCH2014_C,2014,RCH2014_C_2014,PB,No,SLS,Yes,2,NeverRCH2014,C,RCH2014_C,2015,RCH2014_C_2015,PB,Yes,SLS,Yes,0,0.5RCH2014,C,RCH2014_C,2016,RCH2014_C_2016,PB,Yes,SLS,Yes,1,1.5RCH2014,C,RCH2014_C,2017,RCH2014_C_2017,PB,Yes,SLS,Yes,2,2.5RCH2014,E,RCH2014_E,2014,RCH2014_E_2014,PB,No,SLS,Yes,2,NeverRCH2014,E,RCH2014_E,2015,RCH2014_E_2015,PB,Yes,SLS,Yes,3,NeverRCH2014,E,RCH2014_E,2016,RCH2014_E_2016,PB,Yes,SLS,Yes,0,NeverRCH2014,E,RCH2014_E,2017,RCH2014_E_2017,PB,Yes,SLS,Yes,1,NeverRCH2014,W,RCH2014_W,2014,RCH2014_W_2014,PB,No,SLS,Yes,0,NeverRCH2014,W,RCH2014_W,2015,RCH2014_W_2015,PB,Yes,SLS,Yes,1,0.5RCH2014,W,RCH2014_W,2016,RCH2014_W_2016,PB,Yes,SLS,Yes,2,1.5RCH2014,W,RCH2014_W,2017,RCH2014_W_2017,PB,Yes,SLS,Yes,0,2.5RIN,E,RIN_E,2007,RIN_E_2007,FB,No,None,No,UNK,NeverRIN,E,RIN_E,2008,RIN_E_2008,FB,No,None,No,UNK,NeverRIN,E,RIN_E,2009,RIN_E_2009,FB,No,None,No,0,NeverRIN,E,RIN_E,2010,RIN_E_2010,FB,No,None,No,1,NeverRIN,E,RIN_E,2011,RIN_E_2011,FB,No,None,No,2,NeverRIN,E,RIN_E,2012,RIN_E_2012,FB,No,None,No,0,NeverRIN,E,RIN_E,2013,RIN_E_2013,FB,No,None,No,1,NeverRIN,E,RIN_E,2014,RIN_E_2014,FB,No,None,No,2,NeverRIN,E,RIN_E,2015,RIN_E_2015,FB,No,None,No,3,NeverRIN,E,RIN_E,2016,RIN_E_2016,FB,No,None,No,4,NeverRIN,E,RIN_E,2017,RIN_E_2017,FB,No,None,No,0,NeverRIN,S,RIN_S,2007,RIN_S_2007,FB,No,None,No,UNK,NeverRIN,S,RIN_S,2008,RIN_S_2008,FB,No,None,No,UNK,NeverRIN,S,RIN_S,2009,RIN_S_2009,FB,No,None,No,0,NeverRIN,S,RIN_S,2010,RIN_S_2010,FB,No,None,No,1,NeverRIN,S,RIN_S,2011,RIN_S_2011,FB,No,None,No,2,NeverRIN,S,RIN_S,2012,RIN_S_2012,FB,No,None,No,0,NeverRIN,S,RIN_S,2013,RIN_S_2013,FB,No,None,No,1,NeverRIN,S,RIN_S,2014,RIN_S_2014,FB,No,None,No,2,NeverRIN,S,RIN_S,2015,RIN_S_2015,FB,No,None,No,3,NeverRIN,S,RIN_S,2016,RIN_S_2016,FB,No,None,No,4,NeverRIN,S,RIN_S,2017,RIN_S_2017,FB,No,None,No,0,NeverRIN,W,RIN_W,2007,RIN_W_2007,FB,No,None,No,UNK,NeverRIN,W,RIN_W,2008,RIN_W_2008,FB,No,None,No,UNK,NeverRIN,W,RIN_W,2009,RIN_W_2009,FB,No,None,No,0,NeverRIN,W,RIN_W,2010,RIN_W_2010,FB,No,None,No,1,NeverRIN,W,RIN_W,2011,RIN_W_2011,FB,No,None,No,2,NeverRIN,W,RIN_W,2012,RIN_W_2012,FB,No,None,No,0,NeverRIN,W,RIN_W,2013,RIN_W_2013,FB,No,None,No,1,NeverRIN,W,RIN_W,2014,RIN_W_2014,FB,No,None,No,2,NeverRIN,W,RIN_W,2015,RIN_W_2015,FB,No,None,No,3,NeverRIN,W,RIN_W,2016,RIN_W_2016,FB,No,None,No,4,NeverRIN,W,RIN_W,2017,RIN_W_2017,FB,No,None,No,0,NeverRIS,C,RIS_C,2007,RIS_C_2007,PB,No,SLS,Yes,UNK,NeverRIS,C,RIS_C,2008,RIS_C_2008,PB,No,SLS,Yes,UNK,NeverRIS,C,RIS_C,2009,RIS_C_2009,PB,No,SLS,Yes,0,NeverRIS,C,RIS_C,2010,RIS_C_2010,PB,No,SLS,Yes,1,NeverRIS,C,RIS_C,2011,RIS_C_2011,PB,No,SLS,Yes,2,NeverRIS,C,RIS_C,2012,RIS_C_2012,PB,No,SLS,Yes,0,NeverRIS,C,RIS_C,2013,RIS_C_2013,PB,No,SLS,Yes,1,NeverRIS,C,RIS_C,2014,RIS_C_2014,PB,No,SLS,Yes,2,NeverRIS,C,RIS_C,2015,RIS_C_2015,PB,No,SLS,Yes,0,NeverRIS,C,RIS_C,2016,RIS_C_2016,PB,No,SLS,Yes,1,NeverRIS,C,RIS_C,2017,RIS_C_2017,PB,No,SLS,Yes,2,NeverRIS,N,RIS_N,2007,RIS_N_2007,PB,No,SLS,Yes,UNK,NeverRIS,N,RIS_N,2008,RIS_N_2008,PB,No,SLS,Yes,0,NeverRIS,N,RIS_N,2009,RIS_N_2009,PB,No,SLS,Yes,1,NeverRIS,N,RIS_N,2010,RIS_N_2010,PB,No,SLS,Yes,2,NeverRIS,N,RIS_N,2011,RIS_N_2011,PB,No,SLS,Yes,0,NeverRIS,N,RIS_N,2012,RIS_N_2012,PB,No,SLS,Yes,1,NeverRIS,N,RIS_N,2013,RIS_N_2013,PB,No,SLS,Yes,2,NeverRIS,N,RIS_N,2014,RIS_N_2014,PB,No,SLS,Yes,0,NeverRIS,N,RIS_N,2015,RIS_N_2015,PB,No,SLS,Yes,1,NeverRIS,N,RIS_N,2016,RIS_N_2016,PB,No,SLS,Yes,2,NeverRIS,N,RIS_N,2017,RIS_N_2017,PB,No,SLS,Yes,0,NeverRIS,S,RIS_S,2007,RIS_S_2007,PB,No,SLS,Yes,0,NeverRIS,S,RIS_S,2008,RIS_S_2008,PB,No,SLS,Yes,1,NeverRIS,S,RIS_S,2009,RIS_S_2009,PB,No,SLS,Yes,2,NeverRIS,S,RIS_S,2010,RIS_S_2010,PB,No,SLS,Yes,0,NeverRIS,S,RIS_S,2011,RIS_S_2011,PB,No,SLS,Yes,1,NeverRIS,S,RIS_S,2012,RIS_S_2012,PB,No,SLS,Yes,2,NeverRIS,S,RIS_S,2013,RIS_S_2013,PB,No,SLS,Yes,0,NeverRIS,S,RIS_S,2014,RIS_S_2014,PB,No,SLS,Yes,1,NeverRIS,S,RIS_S,2015,RIS_S_2015,PB,No,SLS,Yes,2,NeverRIS,S,RIS_S,2016,RIS_S_2016,PB,No,SLS,Yes,0,NeverRIS,S,RIS_S,2017,RIS_S_2017,PB,No,SLS,Yes,1,NeverRNR,C,RNR_C,2014,RNR_C_2014,FB,No,None,No,UNK,NeverRNR,C,RNR_C,2015,RNR_C_2015,FB,No,None,No,UNK,NeverRNR,C,RNR_C,2016,RNR_C_2016,FB,No,None,No,0,NeverRNR,C,RNR_C,2017,RNR_C_2017,FB,No,None,No,1,NeverRNR,E,RNR_E,2014,RNR_E_2014,FB,No,None,No,UNK,NeverRNR,E,RNR_E,2015,RNR_E_2015,FB,No,None,No,UNK,NeverRNR,E,RNR_E,2016,RNR_E_2016,FB,No,None,No,0,NeverRNR,E,RNR_E,2017,RNR_E_2017,FB,No,None,No,1,NeverRNR,W,RNR_W,2014,RNR_W_2014,FB,No,None,No,0,NeverRNR,W,RNR_W,2015,RNR_W_2015,FB,No,None,No,1,NeverRNR,W,RNR_W,2016,RNR_W_2016,FB,No,None,No,2,NeverRNR,W,RNR_W,2017,RNR_W_2017,FB,No,None,No,0,NeverSTE,N,STE_N,2007,STE_N_2007,FB,No,SLS,Yes,UNK,NeverSTE,N,STE_N,2008,STE_N_2008,FB,No,SLS,Yes,UNK,NeverSTE,N,STE_N,2009,STE_N_2009,FB,No,SLS,Yes,0,NeverSTE,N,STE_N,2010,STE_N_2010,FB,No,SLS,Yes,1,NeverSTE,N,STE_N,2011,STE_N_2011,FB,No,SLS,Yes,2,NeverSTE,N,STE_N,2012,STE_N_2012,FB,No,SLS,Yes,0,NeverSTE,N,STE_N,2013,STE_N_2013,FB,No,SLS,Yes,1,NeverSTE,N,STE_N,2014,STE_N_2014,FB,Yes,SLS,Yes,2,NeverSTE,N,STE_N,2015,STE_N_2015,FB,No,SLS,Yes,3,NeverSTE,N,STE_N,2016,STE_N_2016,FB,Yes,SLS,Yes,4,0.5STE,N,STE_N,2017,STE_N_2017,FB,Yes,SLS,Yes,0,1.5STE,S,STE_S,2007,STE_S_2007,FB,No,SLS,Yes,UNK,NeverSTE,S,STE_S,2008,STE_S_2008,FB,No,SLS,Yes,UNK,NeverSTE,S,STE_S,2009,STE_S_2009,FB,No,SLS,Yes,0,NeverSTE,S,STE_S,2010,STE_S_2010,FB,No,SLS,Yes,1,NeverSTE,S,STE_S,2011,STE_S_2011,FB,No,SLS,Yes,2,NeverSTE,S,STE_S,2012,STE_S_2012,FB,No,SLS,Yes,0,NeverSTE,S,STE_S,2013,STE_S_2013,FB,No,SLS,Yes,1,NeverSTE,S,STE_S,2014,STE_S_2014,FB,Yes,SLS,Yes,2,NeverSTE,S,STE_S,2015,STE_S_2015,FB,No,SLS,Yes,3,NeverSTE,S,STE_S,2016,STE_S_2016,FB,Yes,SLS,Yes,4,0.5STE,S,STE_S,2017,STE_S_2017,FB,Yes,SLS,Yes,0,1.5STE,W,STE_W,2007,STE_W_2007,FB,No,SLS,Yes,UNK,NeverSTE,W,STE_W,2008,STE_W_2008,FB,No,SLS,Yes,UNK,NeverSTE,W,STE_W,2009,STE_W_2009,FB,No,SLS,Yes,0,NeverSTE,W,STE_W,2010,STE_W_2010,FB,No,SLS,Yes,1,NeverSTE,W,STE_W,2011,STE_W_2011,FB,No,SLS,Yes,2,NeverSTE,W,STE_W,2012,STE_W_2012,FB,No,SLS,Yes,0,NeverSTE,W,STE_W,2013,STE_W_2013,FB,No,SLS,Yes,1,NeverSTE,W,STE_W,2014,STE_W_2014,FB,Yes,SLS,Yes,2,NeverSTE,W,STE_W,2015,STE_W_2015,FB,No,SLS,Yes,3,NeverSTE,W,STE_W,2016,STE_W_2016,FB,Yes,SLS,Yes,4,NeverSTE,W,STE_W,2017,STE_W_2017,FB,Yes,SLS,Yes,0,Never